{
  "binder_crossing": {
    "lattice_sizes": [
      4,
      6
    ],
    "tetrad_crossing": null,
    "metric_crossing": null,
    "vestigial_window": null,
    "vestigial_detected": false,
    "data": {
      "4": {
        "g_EH_values": [
          0.0,
          0.4444444444444444,
          0.8888888888888888,
          1.3333333333333333,
          1.7777777777777777,
          2.2222222222222223,
          2.6666666666666665,
          3.1111111111111107,
          3.5555555555555554,
          4.0
        ],
        "binder_tetrad": [
          0.664722225364225,
          0.6644573682402259,
          0.6643746086412852,
          0.6644318943973778,
          0.6645451351040412,
          0.6644610416585401,
          0.6645119313048271,
          0.6643776357717989,
          0.6645496952603425,
          0.6646490170113306
        ],
        "binder_metric": [
          0.6623902016271933,
          0.6621755291722959,
          0.661659384734357,
          0.6616207322965317,
          0.6621169688157301,
          0.6618235567795601,
          0.6621470863211303,
          0.661778477946928,
          0.661877213328873,
          0.6621497787778844
        ],
        "phases": [
          "tetrad_ordered",
          "tetrad_ordered",
          "tetrad_ordered",
          "tetrad_ordered",
          "tetrad_ordered",
          "tetrad_ordered",
          "tetrad_ordered",
          "tetrad_ordered",
          "tetrad_ordered",
          "tetrad_ordered"
        ],
        "acceptance_rates": [
          0.9325078125,
          0.9326484375,
          0.933125,
          0.9325546875,
          0.93253125,
          0.932984375,
          0.93275,
          0.9331171875,
          0.9311640625,
          0.93296875
        ]
      },
      "6": {
        "g_EH_values": [
          0.0,
          0.4444444444444444,
          0.8888888888888888,
          1.3333333333333333,
          1.7777777777777777,
          2.2222222222222223,
          2.6666666666666665,
          3.1111111111111107,
          3.5555555555555554,
          4.0
        ],
        "binder_tetrad": [
          0.6662479745288858,
          0.6662078439059687,
          0.6662107187683088,
          0.6662576922032306,
          0.6662541946437299,
          0.6661991906600256,
          0.6662472650231537,
          0.666238560409566,
          0.6661881315476836,
          0.6662216182782175
        ],
        "binder_metric": [
          0.6657566872640241,
          0.6656551197644676,
          0.6657021901283589,
          0.6657818645683747,
          0.665769004794937,
          0.6656350435113114,
          0.6657455099747436,
          0.6657294908735287,
          0.6656409332839377,
          0.6657451067791953
        ],
        "phases": [
          "tetrad_ordered",
          "tetrad_ordered",
          "tetrad_ordered",
          "tetrad_ordered",
          "tetrad_ordered",
          "tetrad_ordered",
          "tetrad_ordered",
          "tetrad_ordered",
          "tetrad_ordered",
          "tetrad_ordered"
        ],
        "acceptance_rates": [
          0.9327222222222221,
          0.9327345679012345,
          0.9332222222222223,
          0.9327376543209875,
          0.9328935185185184,
          0.9332083333333334,
          0.932837962962963,
          0.9329074074074074,
          0.9325108024691358,
          0.932729938271605
        ]
      }
    },
    "runtime_s": 0.4791731834411621
  },
  "finite_size_scaling": {
    "lattice_sizes": [
      4,
      6
    ],
    "coupling_range": [
      0.5,
      2.5
    ],
    "split_transition": "True",
    "susceptibility_peaks": {
      "4": {
        "tetrad_peak_coupling": 1.8333333333333333,
        "tetrad_peak_height": 17.803183445917057,
        "metric_peak_coupling": 2.5,
        "metric_peak_height": 600027.6652643122
      },
      "6": {
        "tetrad_peak_coupling": 1.6111111111111112,
        "tetrad_peak_height": 25.167295995405482,
        "metric_peak_coupling": 2.5,
        "metric_peak_height": 3177396.5034578256
      }
    },
    "runtime_s": 3.875908136367798
  },
  "sign_reweighting": [
    {
      "coupling": 0.5,
      "L": 4,
      "avg_sign": 4.822079589769627e-305,
      "avg_sign_err": 0.0
    },
    {
      "coupling": 0.5,
      "L": 6,
      "avg_sign": 0.0,
      "avg_sign_err": 0.0
    },
    {
      "coupling": 1.0,
      "L": 4,
      "avg_sign": 5.337257191773953e-250,
      "avg_sign_err": 0.0
    },
    {
      "coupling": 1.0,
      "L": 6,
      "avg_sign": 0.0,
      "avg_sign_err": 0.0
    },
    {
      "coupling": 1.5,
      "L": 4,
      "avg_sign": 1.0243811772509503e-213,
      "avg_sign_err": 0.0
    },
    {
      "coupling": 1.5,
      "L": 6,
      "avg_sign": 0.0,
      "avg_sign_err": 0.0
    },
    {
      "coupling": 2.0,
      "L": 4,
      "avg_sign": 6.235938214216086e-192,
      "avg_sign_err": 0.0
    },
    {
      "coupling": 2.0,
      "L": 6,
      "avg_sign": 0.0,
      "avg_sign_err": 0.0
    }
  ],
  "sign_runtime_s": 1.6334021091461182,
  "metadata": {
    "timestamp": "20260329T192224",
    "lattice_sizes": [
      4,
      6
    ],
    "n_measure": 500,
    "n_thermalize": 250,
    "n_couplings": 10,
    "n_cores": 16,
    "seed": 42,
    "total_runtime_s": 5.988483428955078,
    "vectorized": true,
    "multiprocessing": true
  }
}