{
  "binder_crossing": {
    "lattice_sizes": [
      4
    ],
    "tetrad_crossings": [],
    "metric_crossings": [],
    "tetrad_crossing": null,
    "metric_crossing": null,
    "vestigial_window": null,
    "vestigial_detected": false,
    "data": {
      "4": {
        "g_EH_values": [
          0.0,
          5.555555555555555,
          11.11111111111111,
          16.666666666666664,
          22.22222222222222,
          27.77777777777778,
          33.33333333333333,
          38.888888888888886,
          44.44444444444444,
          50.0
        ],
        "binder_tetrad": [
          0.6644958962212278,
          0.6463835585823217,
          0.6616155526486756,
          0.6613467286892774,
          0.6616249235604781,
          0.6621383226443068,
          0.6614591871861011,
          0.6615184670265588,
          0.6620196158686852,
          0.662455617579284
        ],
        "binder_metric": [
          0.6620234232194386,
          0.5892971290805012,
          0.6563321838992306,
          0.6536537029980618,
          0.6562525836650466,
          0.656489349180828,
          0.6557014438018698,
          0.6563079163210662,
          0.6562795255279238,
          0.6574832325370772
        ],
        "phases": [
          "tetrad_ordered",
          "tetrad_ordered",
          "tetrad_ordered",
          "tetrad_ordered",
          "tetrad_ordered",
          "tetrad_ordered",
          "tetrad_ordered",
          "tetrad_ordered",
          "tetrad_ordered",
          "tetrad_ordered"
        ],
        "acceptance_rates": [
          0.93361328125,
          0.411484375,
          0.5086328125,
          0.51880859375,
          0.52271484375,
          0.51935546875,
          0.5198828125,
          0.520625,
          0.52240234375,
          0.5217578125
        ]
      }
    },
    "runtime_s": 0.6214871406555176
  },
  "finite_size_scaling": {
    "lattice_sizes": [
      4
    ],
    "coupling_range": [
      1.0,
      50.0
    ],
    "split_transition": false,
    "susceptibility_peaks": {
      "4": {
        "tetrad_peak_coupling": 6.444444444444445,
        "tetrad_peak_height": 0.1483472763061524,
        "metric_peak_coupling": 6.444444444444445,
        "metric_peak_height": 0.15177709081172885
      }
    },
    "raw_results": [
      {
        "L": 4,
        "ratio": 1.0,
        "tetrad_m2": 0.0810726261138916,
        "tetrad_m4": 0.006649308246481951,
        "metric_m2": 0.024180837720632554,
        "metric_m4": 0.0006011262059394027,
        "chi_tetrad": 0.05991185913086028,
        "chi_metric": 0.042655084133149224,
        "acceptance_rate": 0.6187890625,
        "binder_tetrad": 0.6627851203642914,
        "binder_metric": 0.6573097710537241
      },
      {
        "L": 4,
        "ratio": 6.444444444444445,
        "tetrad_m2": 0.03617010951042175,
        "tetrad_m4": 0.0013844157137393154,
        "metric_m2": 0.012148932423442602,
        "metric_m4": 0.00017157422051398302,
        "chi_tetrad": 0.1483472763061524,
        "chi_metric": 0.15177709081172885,
        "acceptance_rate": 0.44369140625,
        "binder_tetrad": 0.6472673849898586,
        "binder_metric": 0.6125153105594283
      },
      {
        "L": 4,
        "ratio": 11.88888888888889,
        "tetrad_m2": 0.05046289563179016,
        "tetrad_m4": 0.0025993094254423,
        "metric_m2": 0.021513886246830226,
        "metric_m4": 0.00048403571202283035,
        "chi_tetrad": 0.06935695648193452,
        "chi_metric": 0.0657913112401971,
        "acceptance_rate": 0.51087890625,
        "binder_tetrad": 0.6597544982837155,
        "binder_metric": 0.6514071987922816
      },
      {
        "L": 4,
        "ratio": 17.333333333333336,
        "tetrad_m2": 0.053298553228378294,
        "tetrad_m4": 0.0028823911875937823,
        "metric_m2": 0.023263578396290542,
        "metric_m4": 0.0005587506633049852,
        "chi_tetrad": 0.04936602630615283,
        "chi_metric": 0.046754845976829884,
        "acceptance_rate": 0.520703125,
        "binder_tetrad": 0.6617788002080376,
        "binder_metric": 0.655853180858208
      },
      {
        "L": 4,
        "ratio": 22.77777777777778,
        "tetrad_m2": 0.053335928916931154,
        "tetrad_m4": 0.0028799923748579204,
        "metric_m2": 0.023262284323573114,
        "metric_m4": 0.0005556150634505424,
        "chi_tetrad": 0.04193344116210973,
        "chi_metric": 0.039418735504151314,
        "acceptance_rate": 0.5187109375,
        "binder_tetrad": 0.6625337414413324,
        "binder_metric": 0.6577463900337125
      },
      {
        "L": 4,
        "ratio": 28.22222222222222,
        "tetrad_m2": 0.053545063734054564,
        "tetrad_m4": 0.0029057273265638626,
        "metric_m2": 0.023407105784863234,
        "metric_m4": 0.0005636481962234937,
        "chi_tetrad": 0.04556102142333884,
        "chi_metric": 0.0415019349813468,
        "acceptance_rate": 0.52048828125,
        "binder_tetrad": 0.6621727147260763,
        "binder_metric": 0.6570810928002289
      },
      {
        "L": 4,
        "ratio": 33.66666666666667,
        "tetrad_m2": 0.052606524229049684,
        "tetrad_m4": 0.00281144675905324,
        "metric_m2": 0.02281899956986308,
        "metric_m4": 0.0005380602421990882,
        "chi_tetrad": 0.0536500839233387,
        "chi_metric": 0.04873414685726196,
        "acceptance_rate": 0.5212109375,
        "binder_tetrad": 0.6613669111799957,
        "binder_metric": 0.6555577260346591
      },
      {
        "L": 4,
        "ratio": 39.111111111111114,
        "tetrad_m2": 0.05361453294754028,
        "tetrad_m4": 0.0029164681761329803,
        "metric_m2": 0.023597859255969526,
        "metric_m4": 0.0005740915968880605,
        "chi_tetrad": 0.050347558593751174,
        "chi_metric": 0.0467796169281014,
        "acceptance_rate": 0.5212109375,
        "binder_tetrad": 0.6618020794140651,
        "binder_metric": 0.6563512866416589
      },
      {
        "L": 4,
        "ratio": 44.55555555555556,
        "tetrad_m2": 0.05323318362236023,
        "tetrad_m4": 0.0028809166982463807,
        "metric_m2": 0.023418650161474944,
        "metric_m4": 0.0005668823610433451,
        "chi_tetrad": 0.05739315032959169,
        "chi_metric": 0.0508875932455064,
        "acceptance_rate": 0.52259765625,
        "binder_tetrad": 0.6611210708600758,
        "binder_metric": 0.6554533979794197
      },
      {
        "L": 4,
        "ratio": 50.0,
        "tetrad_m2": 0.05348509669303894,
        "tetrad_m4": 0.0028954682258810747,
        "metric_m2": 0.023394717555493116,
        "metric_m4": 0.000563108813651974,
        "chi_tetrad": 0.04118038177490213,
        "chi_metric": 0.04252254426479407,
        "acceptance_rate": 0.52185546875,
        "binder_tetrad": 0.662610177191135,
        "binder_metric": 0.6570463277572051
      }
    ],
    "runtime_s": 0.6451210975646973
  },
  "sign_reweighting": [
    {
      "coupling": 1.0,
      "L": 4,
      "avg_sign": 2.016546840932865e-186,
      "avg_sign_err": 0.0
    },
    {
      "coupling": 5.0,
      "L": 4,
      "avg_sign": 8.576113537986237e-121,
      "avg_sign_err": 8.075102145917552e-121
    },
    {
      "coupling": 10.0,
      "L": 4,
      "avg_sign": 1.4492061947744105e-118,
      "avg_sign_err": 1.2124281140945077e-118
    },
    {
      "coupling": 15.0,
      "L": 4,
      "avg_sign": 1.1441842699113326e-119,
      "avg_sign_err": 5.2736216025086387e-120
    },
    {
      "coupling": 20.0,
      "L": 4,
      "avg_sign": 2.3566284892091785e-126,
      "avg_sign_err": 1.0381109833869398e-126
    },
    {
      "coupling": 30.0,
      "L": 4,
      "avg_sign": 1.831881863223453e-114,
      "avg_sign_err": 1.3679945066555286e-114
    },
    {
      "coupling": 50.0,
      "L": 4,
      "avg_sign": 2.7657423306548252e-120,
      "avg_sign_err": 1.3549791611920899e-120
    }
  ],
  "sign_runtime_s": 0.711353063583374,
  "metadata": {
    "timestamp": "20260331T174830",