{
  "binder_crossing": {
    "lattice_sizes": [
      4,
      6,
      8
    ],
    "tetrad_crossing": null,
    "metric_crossing": null,
    "vestigial_window": null,
    "vestigial_detected": false,
    "data": {
      "4": {
        "g_EH_values": [
          0.0,
          0.21052631578947367,
          0.42105263157894735,
          0.631578947368421,
          0.8421052631578947,
          1.0526315789473684,
          1.263157894736842,
          1.4736842105263157,
          1.6842105263157894,
          1.894736842105263,
          2.1052631578947367,
          2.3157894736842106,
          2.526315789473684,
          2.7368421052631575,
          2.9473684210526314,
          3.1578947368421053,
          3.3684210526315788,
          3.578947368421052,
          3.789473684210526,
          4.0
        ],
        "binder_tetrad": [
          0.6645113372844015,
          0.6643662194930859,
          0.6645212893103416,
          0.6644994776538536,
          0.6645119156568493,
          0.6643664013736361,
          0.6644138904049786,
          0.6644787590155289,
          0.6644417138674412,
          0.6645514749729855,
          0.664398995749313,
          0.6643313326113379,
          0.6645238707360651,
          0.6643432244236301,
          0.6643820494022699,
          0.6643168251588961,
          0.6645035536566424,
          0.6644491997283366,
          0.6642615983545992,
          0.6643893163487082
        ],
        "binder_metric": [
          0.6619739111466896,
          0.6617334553992711,
          0.6619708364617027,
          0.6618896685798188,
          0.6619957862084387,
          0.6616840895624065,
          0.6617293110653266,
          0.661962595744146,
          0.6617900649228423,
          0.6620443295973095,
          0.6617676437022995,
          0.6615893548268148,
          0.6620517591882,
          0.661584792630883,
          0.6617004638431606,
          0.6615753665838549,
          0.6619393210307274,
          0.6618413589021142,
          0.6614394218032853,
          0.6617141605834655
        ],
        "phases": [
          "tetrad_ordered",
          "tetrad_ordered",
          "tetrad_ordered",
          "tetrad_ordered",
          "tetrad_ordered",
          "tetrad_ordered",
          "tetrad_ordered",
          "tetrad_ordered",
          "tetrad_ordered",
          "tetrad_ordered",
          "tetrad_ordered",
          "tetrad_ordered",
          "tetrad_ordered",
          "tetrad_ordered",
          "tetrad_ordered",
          "tetrad_ordered",
          "tetrad_ordered",
          "tetrad_ordered",
          "tetrad_ordered",
          "tetrad_ordered"
        ],
        "acceptance_rates": [
          0.932625,
          0.9326484375,
          0.9330625,
          0.9322890625,
          0.933173828125,
          0.932962890625,
          0.932859375,
          0.9328359375,
          0.933671875,
          0.932916015625,
          0.932205078125,
          0.9328671875,
          0.933455078125,
          0.932705078125,
          0.932990234375,
          0.932751953125,
          0.9323984375,
          0.932435546875,
          0.93257421875,
          0.933474609375
        ]
      },
      "6": {
        "g_EH_values": [
          0.0,
          0.21052631578947367,
          0.42105263157894735,
          0.631578947368421,
          0.8421052631578947,
          1.0526315789473684,
          1.263157894736842,
          1.4736842105263157,
          1.6842105263157894,
          1.894736842105263,
          2.1052631578947367,
          2.3157894736842106,
          2.526315789473684,
          2.7368421052631575,
          2.9473684210526314,
          3.1578947368421053,
          3.3684210526315788,
          3.578947368421052,
          3.789473684210526,
          4.0
        ],
        "binder_tetrad": [
          0.6662495509886284,
          0.6662274376168025,
          0.6662198042811224,
          0.666251113166284,
          0.6662244184511589,
          0.666235095011783,
          0.6662460815977145,
          0.6662186287821616,
          0.6662235768520091,
          0.6662461713501648,
          0.6662534734432892,
          0.6662268358488213,
          0.6662294655177392,
          0.666217453504298,
          0.6662326581548489,
          0.6662194356783183,
          0.6662127092363976,
          0.6662020677464964,
          0.6662192567168713,
          0.6662132288060894
        ],
        "binder_metric": [
          0.6657529597830167,
          0.6657124421907369,
          0.6657032600042434,
          0.6657618360282369,
          0.6657028170687325,
          0.6657248578971724,
          0.6657301530855232,
          0.6657016620110576,
          0.6657082450588157,
          0.665764910935666,
          0.6657563036814009,
          0.6657288017713309,
          0.6656999917035017,
          0.6656838384594461,
          0.6657148243852298,
          0.6656772489975227,
          0.665683157866783,
          0.6656342207925211,
          0.6657031521704232,
          0.6656665129688251
        ],
        "phases": [
          "tetrad_ordered",
          "tetrad_ordered",
          "tetrad_ordered",
          "tetrad_ordered",
          "tetrad_ordered",
          "tetrad_ordered",
          "tetrad_ordered",
          "tetrad_ordered",
          "tetrad_ordered",
          "tetrad_ordered",
          "tetrad_ordered",
          "tetrad_ordered",
          "tetrad_ordered",
          "tetrad_ordered",
          "tetrad_ordered",
          "tetrad_ordered",
          "tetrad_ordered",
          "tetrad_ordered",
          "tetrad_ordered",
          "tetrad_ordered"
        ],
        "acceptance_rates": [
          0.9328036265432098,
          0.9328626543209877,
          0.9331087962962963,
          0.932784336419753,
          0.9328514660493827,
          0.9326462191358025,
          0.9329841820987655,
          0.9328148148148148,
          0.9328260030864197,
          0.9327816358024691,
          0.9329336419753087,
          0.9328726851851852,
          0.9326323302469136,
          0.932701774691358,
          0.9327025462962963,
          0.9329220679012346,
          0.9328622685185185,
          0.9328036265432099,
          0.9327044753086419,
          0.9329116512345679
        ]
      },
      "8": {
        "g_EH_values": [
          0.0,
          0.21052631578947367,
          0.42105263157894735,
          0.631578947368421,
          0.8421052631578947,
          1.0526315789473684,
          1.263157894736842,
          1.4736842105263157,
          1.6842105263157894,
          1.894736842105263,
          2.1052631578947367,
          2.3157894736842106,
          2.526315789473684,
          2.7368421052631575,
          2.9473684210526314,
          3.1578947368421053,
          3.3684210526315788,
          3.578947368421052,
          3.789473684210526,
          4.0
        ],
        "binder_tetrad": [
          0.6665256849389851,
          0.6665275609519212,
          0.666526534853668,
          0.6665282237691934,
          0.6665230509344096,
          0.6665290320917653,
          0.6665340801228856,
          0.666531589912684,
          0.6665287227331209,
          0.6665288123677835,
          0.6665276420235149,
          0.6665251815997988,
          0.6665277298026728,
          0.6665220786863537,
          0.6665253203317165,
          0.6665378107375772,
          0.6665290104342112,
          0.6665194429478662,
          0.6665240306489779,
          0.6665254352890664
        ],