{
  "binder_crossing": {
    "lattice_sizes": [
      4
    ],
    "tetrad_crossing": null,
    "metric_crossing": null,
    "vestigial_window": null,
    "vestigial_detected": false,
    "data": {
      "4": {
        "g_EH_values": [
          0.0,
          0.4444444444444444,
          0.8888888888888888,
          1.3333333333333333,
          1.7777777777777777,
          2.2222222222222223,
          2.6666666666666665,
          3.1111111111111107,
          3.5555555555555554,
          4.0
        ],
        "binder_tetrad": [
          0.6644958962212278,
          0.6646835187863566,
          0.6643736855389026,
          0.6645459252685608,
          0.6645540449577334,
          0.664662635914518,
          0.6642536664763052,
          0.6641597147679316,
          0.6643206785458414,
          0.6645727272405546
        ],
        "binder_metric": [
          0.6620234232194386,
          0.6628899804292347,
          0.6619694191039678,
          0.6618252265584987,
          0.6621976306452491,
          0.6621297132672095,
          0.6617256850007318,
          0.6614457381540026,
          0.6613533891817687,
          0.6622036626230037
        ],
        "phases": [
          "tetrad_ordered",
          "tetrad_ordered",
          "tetrad_ordered",
          "tetrad_ordered",
          "tetrad_ordered",
          "tetrad_ordered",
          "tetrad_ordered",
          "tetrad_ordered",
          "tetrad_ordered",
          "tetrad_ordered"
        ],
        "acceptance_rates": [
          0.93361328125,
          0.93349609375,
          0.93181640625,
          0.9326953125,
          0.93267578125,
          0.9330859375,
          0.9326953125,
          0.9329296875,
          0.9319921875,
          0.93314453125
        ]
      }
    },
    "runtime_s": 0.3016030788421631
  },
  "finite_size_scaling": {
    "lattice_sizes": [
      4
    ],
    "coupling_range": [
      0.5,
      2.5
    ],
    "split_transition": false,
    "susceptibility_peaks": {
      "4": {
        "tetrad_peak_coupling": 2.2777777777777777,
        "tetrad_peak_height": 47.006686566841836,
        "metric_peak_coupling": 2.5,
        "metric_peak_height": 810664.2173428275
      }
    },
    "runtime_s": 0.999885082244873
  },
  "sign_reweighting": [
    {
      "coupling": 0.5,
      "L": 4,
      "avg_sign": 2.042346749357563e-224,
      "avg_sign_err": 0.0
    },
    {
      "coupling": 1.0,
      "L": 4,
      "avg_sign": 1.0640245203854887e-183,
      "avg_sign_err": 0.0
    },
    {
      "coupling": 1.5,
      "L": 4,
      "avg_sign": 1.280310321770578e-156,
      "avg_sign_err": 1.2800422788310283e-156
    },
    {
      "coupling": 2.0,
      "L": 4,
      "avg_sign": 4.603591708114477e-146,
      "avg_sign_err": 4.591112345962847e-146
    }
  ],
  "sign_runtime_s": 0.3649771213531494,
  "metadata": {
    "timestamp": "20260329T192103",
    "lattice_sizes": [
      4
    ],
    "n_measure": 200,
    "n_thermalize": 100,
    "n_couplings": 10,
    "n_cores": 4,
    "seed": 42,
    "total_runtime_s": 1.6664652824401855,
    "vectorized": true,
    "multiprocessing": true
  }
}